iter	Logloss
0	0.5966414652
100	0.4123268088
200	0.4038035543
300	0.3971722085
400	0.391239042
