iter	Logloss
0	0.685053737
1	0.6770990441
2	0.6699002995
3	0.6629127203
4	0.6562616271
5	0.6495192666
6	0.6430045081
7	0.6366741142
8	0.6307039171
9	0.6244119422
10	0.6178719691
11	0.6118458432
12	0.6058340115
13	0.6006852663
